﻿{

"spider":"./lib/xu230316.jar;md5;4f2c8eb3b1e14d5449df4b05e5d89a32",
"lives": [{"group": "redirect","channels": [{"name": "redirect","urls": ["proxy://do=live&type=txt&ext=aHR0cDovL3h1dHYuaHouY3ovemIvMzE5emIudHh0"]}]}],
"flags": ["youku","qq","iqiyi","qiyi", "letv","sohu","tudou","pptv","mgtv", "wasu","bilibili","miaoparty2","longteng","renrenmi","优酷","芒果","腾讯","爱奇艺","奇艺","ltnb","rx","xueren",
"miaoparty","ziqie","m1905","ddzy","xigua","1920l","muxm3u8","duoduozy","xfyun","dengta","tudou"],


"rules": [{"name":"量子廣告","hosts":["vip.lz","hd.lz"],"regex":["#EXT-X-DISCONTINUITY\\r*\\n*#EXTINF:6.433333,[\\s\\S]*?#EXT-X-DISCONTINUITY","#EXTINF.*?\\s+.*?1o.*?\\.ts\\s+"]},
          {"name":"非凡廣告","hosts":["vip.ffzy","hd.ffzy"],"regex":["#EXT-X-DISCONTINUITY\\r*\\n*#EXTINF:6.666667,[\\s\\S]*?#EXT-X-DISCONTINUITY","#EXTINF.*?\\s+.*?1o.*?\\.ts\\s+"]},
         {"name": "火山嗅探","hosts": [ "huoshan.com"],"regex": ["item_id="]},
         {"name": "抖音嗅探","hosts": ["douyin.com"],"regex": ["is_play_url="]}],



"sites": [

{
    "key":"csp_XBPQ_lezhu",
    "name":"🍹乐猪影视",
    "type":3,
    "api":"csp_XBPQ",
    "searchable":1,
    "quickSearch":1,
    "filterable":0,
    "ext":"{
    \"请求头\":\"手机\",
    \"简介\":\"简介：&&</p>\",
    \"主演\":\"主演：&&</p>\",
    \"副标题\":\"<span>&&</span>\",
    \"线路数组\":\"icon-pin&&</h3>[替换:在线视频 (支持手机)>>播放列表<序号>]\",
    \"线路标题\":\"</i>&&<\",
    \"播放数组\":\"class=\\\"list_block show&&</ul>\",
    \"分类\":\"电影$1#电视剧$2#综艺$3#动漫$4#美剧$15\",
    \"分类url\":\"http://www.lezhutv.com/type/{cateId}-{catePg}.html\"}"},


{   "key":"csp_XBPQ_zhengbnongmys",
    "name":"🍹正版农民影视",
    "type":3,
    "api":"csp_XBPQ",
    "searchable":1,
    "quickSearch":1,
    "filterable":0,
    "ext":"{
    \"请求头\":\"手机\",
    \"倒序\":\"1\",
    \"主演\":\"主演:&&</div>\",
    \"副标题\":\"<span>&&<em>\",
    \"播放数组\":\"class=\\\"numList&&</div>\",
    \"简介\":\"简&nbsp;&nbsp;&nbsp;&nbsp;&nbsp;&nbsp;&nbsp;&nbsp;介：&&</p>\",
    \"线路数组\":\"javascript:;&&/a>\",
    \"线路标题\":\">&&<\",
    \"分类\":\"电影$1#电视剧$2#动漫$4#综艺$3\",
    \"分类url\":\"https://www.nmddd.com/vod-list-id-{cateId}-pg-{catePg}-order--by-time-class-0-year-0-letter--area--lang-.html\"}"},


 {
    "key":"csp_XBPQ_团影视",
    "name":"🍹饭团影视",
    "type":3,
    "api":"csp_XBPQ",
    "searchable":1,
    "quickSearch":1,
    "filterable":0,
    "ext":"{
    \"简介\":\"简介：&&</p>\",
    \"主演\":\"主演：&&</p>\",
    \"副标题\":\"class=\\\"pic-text text-right\\\">&&</span>\",
    \"线路数组\":\"stui-vodlist__head&&</div>\",
    \"线路标题\":\"<h3>&&</h3>\",
    \"播放数组\":\"class=\\\"stui-content__playlist&&</ul>\",
    \"分类\":\"电影$1#电视剧$2#综艺$3#动漫$4\",
    \"分类url\":\"https://www.fantuanhd.com/show/{cateId}/page/{catePg}.html\"}"},

 {
    "key":"csp_XBPQ_达达龟",
    "name":"🍹达达龟影视",
    "type":3,
    "api":"csp_XBPQ",
    "searchable":1,
    "quickSearch":1,
    "filterable":0,
    "ext":"{
    \"免嗅\":\"0\",
    \"主演\":\"主演:&&</div>\",
    \"播放数组\":\"class=\\\"stui-content__playlist clearfix&&</ul>\",
    \"副标题\":\"class=\\\"pic-text text-right\\\">&&</span>\",
    \"线路数组\":\"stui-vodlist__head&&/div>\",
    \"线路标题\":\"<h3>&&</h3>\",
    \"分类\":\"电影$1#电视剧$2#综艺$3#动漫$4\",
    \"分类url\":\"https://www.dadagui.me/vodshow/{cateId}--------{catePg}---.html\"}"},


{    
    "key":"csp_XBPQ_花猫",
    "name":"🍹花猫",
    "type":3,
    "api":"csp_XBPQ",
    "searchable":1,
    "quickSearch":1,
    "filterable":0,
    "ext":"{
    \"请求头\":\"手机\",
    \"简介\":\"简介：&&</p>\",
    \"主演\":\"主演：&&</p>\",
    \"线路数组\":\"class=\\\"stui-pannel__head clearfix\\\"&&/h3>\",
    \"线路标题\":\"title\\\">&&<\",
    \"副标题\":\"class=\\\"pic-text\\\">&&</span>\",
    \"数组\":\"stui-vodlist__item&&</li>\",
    \"播放数组\":\"class=\\\"stui-content__playlist clearfix&&</ul>\",
    \"分类\":\"电影$1#电视剧$2#国产剧$12#港剧$13#综艺$3#动漫$4\",
    \"分类url\":\"http://www.huamaotv.com/list/{cateId}_{catePg}_desc__0_0___.html\"}"},

{"key": "蘑菇","name": "🍹蘑菇(采集)","type":3,"changeable":1,"api": "csp_AppYsV2","searchable": 1,"filterable": 1,"ext": "https://www.moguys.xyz/api.php/app/"},


 {
    "key":"csp_XBPQ_aikan",
    "name":"🍹爱看影院",
    "type":3,
    "api":"csp_XBPQ",
    "searchable":1,
    "quickSearch":1,
    "filterable":0,
    "ext":"{
    \"主演\":\"主演：&&</div>\",
    \"简介\":\"class=\\\"module-info-introduction-content show-desc\\\"*<p>&&</div>\",
    \"副标题\":\"class=\\\"module-item-note\\\">&&</div>\",
    \"线路数组\":\"class=\\\"module-tab-item tab-item&&</div>\",
    \"线路标题\":\"<span>&&</small>\",
    \"播放数组\":\"class=\\\"module-play-list&&</div>\",
    \"分类\":\"电影$1#电视剧$2#国产剧$42#港剧$49#综艺$3#动漫$4\",
    \"分类url\":\"https://www.3wyy.com/vodshow/{cateId}--------{catePg}---.html\"}"},



{
    "key":"csp_XBPQ_xiaolu",
    "name":"🍹小鹿影视",
    "type":3,
    "api":"csp_XBPQ",
    "searchable":1,
    "quickSearch":1,
    "filterable":0,
    "ext":"{
    \"演员\":\"主演：&&</div>\",
    \"简介\":\"class=\\\"module-info-introduction-content show-desc\\\"*<p>&&</div>\",
    \"副标题\":\"class=\\\"module-info-item-content\\\">&&</div>\",
    \"线路数组\":\"class=\\\"module-tab-item tab-item&&</div>\",
    \"线路标题\":\"<span>&&</small>\",
    \"播放数组\":\"class=\\\"module-play-list&&</div>\",
    \"分类\":\"电影$1#电视剧$31#综艺$3#动漫$4\",
    \"分类url\":\"https://www.xiaoluys.me/vodshow/{cateId}--------{catePg}---.html\"}"},


{
    "key":"drpy_js_cz",
    "name":"🌼厂长(JS)",
    "type":3,
    "api":"./lib/apiv623drpy2.min.js",
    "searchable":1,
    "quickSearch":1,
    "filterable":1,
    "ext":"./lib/cz.js"
    },




{
    "key":"drpy_js_dd",
    "name":"🌼低端（JS）",
    "type":3,
    "api":"./lib/apiv623drpy2.min.js",
    "searchable":1,
    "quickSearch":1,
    "filterable":1,
    "ext":"./lib/ddys.js"
    },

 {
    "key":"drpy_js_奇异",
    "name":"🌼爱奇艺(JS)",
    "type":3,
    "api":"./lib/apiv623drpy2.min.js",
    "searchable":1,
    "quickSearch":1,
    "filterable":1,
    "ext":"./lib/aiqy.js"
    },
    {
    "key":"teng",
    "name":"🌼腾讯(JS)",
    "type":3,
    "api":"./lib/apiv623drpy2.min.js",
    "searchable":1,
    "quickSearch":1,
    "filterable":1,
    "ext":"./lib/txun.js"
    },
    {
    "key":"MGT",
    "name":"🌼芒果(JS)",
    "type":3,
    "api":"./lib/apiv623drpy2.min.js",
    "searchable":1,
    "quickSearch":1,
    "filterable":1,
    "ext":"./lib/mguo.js"
    },
    {
    "key":"drpy_js_sogou",
    "name":"🌼搜狗(JS)",
    "type":3,
    "api":"./lib/apiv623drpy2.min.js",
    "searchable":1,
    "quickSearch":1,
    "filterable":1,
    "ext":"./lib/sougou.js"
    },
    {
    "key":"drpy_js_优酷",
    "name":"🌼优酷[JS]",
    "type":3,
    "api":"./lib/apiv623drpy2.min.js",
    "searchable":1,
    "quickSearch":1,
    "filterable":1,
    "ext":"./lib/youk.js"
    },
    
{
    "key":"drpy_js_360",
    "name":"🌼360[JS]",
    "type":3,
    "api":"./lib/apiv623drpy2.min.js",
    "searchable":1,
    "quickSearch":1,
    "filterable":1,
    "ext":"./lib/360.js"
    },


{
    "key":"drpy_js_jianpian",
    "name":"🌼荐片[JS]",
    "type":3,
    "api":"./lib/apiv623drpy2.min.js",
    "searchable":1,
    "quickSearch":1,
    "filterable":1,
    "ext":"./lib/jianpian.js"
    },

{
    "key":"drpy_js_aikanjqr",
    "name":"🌼爱看机器人JS",
    "type":3,
    "api":"./lib/apiv623drpy2.min.js",
    "searchable":1,
    "quickSearch":1,
    "filterable":1,
    "ext":"./lib/aikanjqr.js"
    },





{"key":"csp_77","name":"🐞酷云七七","type":3,"api":"csp_Kunyu77","jar": "./lib/cc.jpg","searchable":1,"quickSearch":1,"filterable":1},

{"key": "干饭", "name": "🍹  干饭采集", "type": 1,"api": "http://124.220.183.81:83/api.php/provide/vod/","playUrl": "https://jx.bozrc.com:4433/player/?url=","searchable": 1,
 "quickSearch": 1,"filterable": 1,"categories": [ "电影", "剧集", "综艺","动漫"]},
{"key": "非凡资源","name": "🍹  非凡影视","type": 3,"api": "csp_XYQHiker","searchable": 1,"quickSearch": 1,"filterable": 1,"ext": "./lib/ff.json","jar": "./lib/230701xyq.jar"},
{"key": "量子资源","name": "🍹  量子资源","type": 3,"api": "csp_XYQHiker","searchable": 1,"quickSearch": 1,"filterable": 1,"ext": "./lib/lz.json","jar": "./lib/230701xyq.jar"},


{"key": "爱迪","name": "🍹  爱迪影视","type": 3,"api": "csp_AppYsV2","searchable": 1,"quickSearch": 1,"filterable": 1,"ext": "https://aidiapp.xyz/xgapp.php/v2/"},
{"key":"8K电影","name":"🍹  8K电影","type":1,"api":"http://tvappjsonapi.8kvod.com/8kvodapilgxcsssss.php/provide/vod/","playUrl":"json:http://47.119.122.235:5566/json/free.php?url="},
{"key":"暴风资源","name":"🍹  暴风资源","type":1,"api":"https://bfzyapi.com/api.php/provide/vod/","searchable":1,"quickSearch":1,"categories":["国产剧","韩国剧","香港剧","台湾剧","欧美剧","动作片","科幻片","战争片","奇幻片","喜剧片","爱情片","恐怖片","犯罪片","悬疑片","惊悚片","剧情片","冒险片","记录片","综艺","动漫"]},


{
      "key": "MV_vod",
      "name": "🎧KTV",
      "type": 1,
      "api": "https://mv.wogg.link/mv/vod",
      "searchable": 1,
      "quickSearch": 1,
      "filterable": 1
    },

 {"key":"演唱会自定义","name":"🎧音乐","type":3,"api":"csp_Bili","searchable":0,"quickSearch":0,"filterable":1,"ext":"./lib/yinyue.json"},







//
   {
    "key":"csp_XBPQ_1010",
    "name":"🍹双十影视网",
    "type":3,
    "api":"csp_XBPQ",
    "searchable":1,
    "quickSearch":1,
    "filterable":0,
    "ext":"{
    
    \"主演\":\"主演：&&</p>\",
    \"线路数组\":\"stui-pannel_hd&&</div>\",
    \"线路标题\":\"title\\\">&&</h3>\",
    \"播放数组\":\"class=\\\"stui-content__playlist&&</ul>\",
    \"副标题\":\"class=\\\"pic-text text-right\\\">&&</span>\",
    \"简介\":\"class=\\\"lefttext-muted\\\"&&</span>\",
    \"分类\":\"电影$1#电视剧$2#综艺$4#动漫$3\",
    \"分类url\":\"https://www.1010dy3.com/show/{cateId}/page/{catePg}/\"}"},

 //
    
    {
    "key":"csp_XBPQ_naikan",
    "name":"🍹耐看影院",
    "type":3,
    "api":"csp_XBPQ",
    "searchable":1,
    "quickSearch":1,
    "filterable":0,
    "ext":"{
    
    \"演员\":\"主演：&&</div>\",
    \"简介\":\"class=\\\"module-info-introduction-content show-desc\\\"*<p>&&</div>\",
    \"副标题\":\"class=\\\"module-item-note\\\">&&</div>\",
    \"线路数组\":\"class=\\\"module-tab-item tab-item&&</div>\",
    \"线路标题\":\"<span>&&</small>\",
    \"播放数组\":\"class=\\\"module-play-list&&</div>\",
    \"分类\":\"电影$1#电视剧$2#国产剧$13#港剧$14#综艺$3#动漫$4\",
    \"分类url\":\"https://www.nkvod.com/show/{cateId}--------{catePg}---.html\"}"},
    //
   



   
 {
    "key":"drpy_js_虎牙",
    "name":"🍹虎牙直播",
    "type":3,
    "api":"./lib/apiv623drpy2.min.js",
    "searchable":1,
    "quickSearch":1,
    "filterable":1,
    "ext":"./lib/huyazb.js"
    },



{
    "key":"csp_XBPQ_cokemv",
    "name":"🍹COKEMV",
    "type":3,
    "api":"csp_XBPQ",
    "searchable":1,
    "quickSearch":1,
    "filterable":0,
    "ext":"{
    \"演员\":\"主演：&&</div>\",
    \"简介\":\"class=\\\"module-info-introduction-content show-desc\\\"*<p>&&</div>\",
    \"副标题\":\"class=\\\"module-item-note\\\">&&</div>\",
    \"线路数组\":\"class=\\\"module-tab-item tab-item&&</div>\",
    \"线路标题\":\"<span>&&</small>\",
    \"播放数组\":\"class=\\\"module-play-list&&</div>\",
    \"分类\":\"电影$1#电视剧$2#国产剧$13#港剧$16#综艺$29#动漫$3\",
    \"分类url\":\"https://cokemv.co/vodshow/{cateId}--------{catePg}---.html\"}"},



{
    "key":"csp_XBPQ_city",
    "name":"🍹城市影视",
    "type":3,
    "api":"csp_XBPQ",
    "searchable":1,
    "quickSearch":1,
    "filterable":0,
    "ext":"{
    \"简介\":\"简介：&&</p>\",
    \"主演\":\"主演：&&</p>\",
    \"副标题\":\"class=\\\"pic-text text-right\\\">&&</span>\",
    \"线路数组\":\"data-toggle&&</li>[排序:极速>>备用1>>备用2>>备用3>>奇热]\",
    \"线路标题\":\">&&</a>\",
    \"数组\":\"stui-vodlist__box&&</div>\",
    \"播放数组\":\"class=\\\"stui-content__playlist clearfix sort-list&&</ul>\",
    \"分类\":\"电影$1#电视剧$2#综艺$3#动漫$4\",
    \"分类url\":\"https://www.citydy1.com/show/id-{cateId}/page/{catePg}.html\"}"},



   



{
    "key":"csp_XBPQ_8号影视",
    "name":"🍹8号影视",
    "type":3,
    "api":"csp_XBPQ",
    "searchable":1,
    "quickSearch":1,
    "filterable":0,
    "ext":"{
    \"播放数组\":\"class=\\\"stui-content__playlist playlink clearfix&&</ul>\",
    \"播放链接\":\"href=\\\'&&\\\'\",
    \"简介\":\"detail-sketch&&</span>\",
    \"副标题\":\"class=\\\"pic-text text-right\\\">&&</span>\",
    \"分类\":\"电影$1#国产电视剧$13#电视剧$2#动漫$4#综艺$3\",
    \"分类url\":\"http://www.8hysw.com/frim/{cateId}-{catePg}.html\"}"},
    //




 {
    "key":"csp_XBPQ_xinshijue",
    "name":"🍹新视觉影视网",
    "type":3,
    "api":"csp_XBPQ",
    "searchable":1,
    "quickSearch":1,
    "filterable":0,
    "ext":"{
    \"免嗅\":\"1\",
    \"主演\":\"主演：&&</div>\",
    \"简介\":\"class=\\\"video-info-item video-info-content vod_content\\\"&&</div>\",
    \"数组\":\"class=\\\"module-item-pic&&</div>\",
    \"副标题\":\"class=\\\"module-item-text\\\">&&</div>\",
    \"线路数组\":\"class=\\\"module-tab-item tab-item&&</div>\",
    \"线路标题\":\"<span>&&</small>\",
    \"播放数组\":\"class=\\\"scroll-content&&</div>\",
    \"分类\":\"电影$1#电视剧$2#国产剧$42#港台剧$49#综艺$3#动漫$4\",
    \"分类url\":\"https://www.6080yy3.com/vodshow/{cateId}--------{catePg}---.html\"}"},
    //


{
			"key": "快看资源",
			"name": "快看资源",
			"type": 1,
			"api": "https://kuaikan-api.com/api.php/provide/vod/from/kuaikan/",
			"searchable": 1,
			"quickSearch": 1,
			"categories": [
				"国产剧",
				"韩国剧",
				"香港剧",
				"台湾剧",
				"欧美剧",
				"动作片",
				"科幻片",
				"战争片",
				"奇幻片",
				"喜剧片",
				"爱情片",
				"恐怖片",
				"犯罪片",
				"悬疑片",
				"惊悚片",
				"剧情片",
				"冒险片",
				"记录片",
				"综艺",
				"动漫"
			]
		},

		

    
    
   
    
    {
    "key":"csp_AppMr",
    "name":"🐞二明影视",
    "type":3,
    "api":"csp_AppMr",
    "searchable":1,
    "quickSearch":1,
    "filterable":1
    },
    
    {
    "key":"csp_Ysgc",
    "name":"🐞影视工厂",
    "type":3,
    "api":"csp_Ysgc",
    "searchable":1,
    "quickSearch":1,
    "filterable":1,
    "ext":"https://www.ysgc.fun"
    },
    {
    "key":"csp_Nkdy",
    "name":"🐞南柯影视",
    "type":3,
    "api":"csp_Nkdy",
    "searchable":1,
    "quickSearch":1,
    "filterable":1
    },
    
    {
    "key":"相声小品",
    "name":"🐞相声小品",
    "type":3,
    "api":"csp_Bili",
    "searchable":0,
    "quickSearch":0,
    "filterable":1,
    "ext":"./lib/xs.json"
    },
   
   
   
 
    {
    "key":"csp_appys_萌蛋蛋",
    "name":"萌蛋蛋",
    "type":3,
    "api":"csp_AppYsV2",
    "searchable":1,
    "quickSearch":1,
    "filterable":1,
    "ext":"http://app.mengdandan.com/xgapp.php/v1/"
    },





    {
    "key":"csp_XBPQ_nbys",
    "name":"🍹泥巴影视",
    "type":3,
    "api":"csp_XBPQ",
    "searchable":1,
    "quickSearch":1,
    "filterable":0,
    "ext":"{
    \"主演\":\"主演：&&</div>\",
    \"标题\":\"class=\\\"module-poster-item-title\\\">&&</div>\",
    \"简介\":\"class=\\\"video-info-itemvideo-info-contentvod_content\\\"&&</div>\",
    \"数组\":\"class=\\\"module-item-pic&&</div>\",
    \"副标题\":\"class=\\\"module-item-text\\\">&&</div>\",
    \"线路数组\":\"class=\\\"module-tab-itemtab-item&&</div>\",
    \"线路标题\":\"<span>&&</span>\",
    \"播放数组\":\"class=\\\"scroll-content&&</div>\",
    \"分类\":\"电影$1#电视剧$2#国产剧$13#港剧$14#综艺$3#动漫$4\",
    \"分类url\":\"https://nbys.top/index.php/vod/show/id/{cateId}/page/{catePg}.html\"
    }"},
   
    {
    "key":"csp_XBPQ_xiongmao",
    "name":"🍹熊猫影视",
    "type":3,
    "api":"csp_XBPQ",
    "searchable":1,
    "quickSearch":1,
    "filterable":0,
    "ext":"{
    \"主演\":\"主演：&&</div>\",
    \"标题\":\"class=\\\"module-poster-item-title\\\">&&</div>\",
    \"简介\":\"class=\\\"module-info-introduction-content\\\"&&</div>\",
    \"副标题\":\"class=\\\"module-item-note\\\">&&</div>\",
    \"线路数组\":\"class=\\\"module-tab-itemtab-item&&</div>\",
    \"线路标题\":\"<span>&&</span>\",
    \"播放数组\":\"class=\\\"module-play-list&&</div>\",
    \"分类\":\"电影$52#电视剧$69#国产剧$70#港剧$71#综艺$77#动漫$75\",
    \"分类url\":\"https://xmvod520.com/index.php/vod/show/id/{cateId}/page/{catePg}.html\"
    }"},
    
   
   
  
   
  
   
    {
    "key":"csp_XBPQ_jiketv",
    "name":"🍹极客影视网",
    "type":3,
    "api":"csp_XBPQ",
    "searchable":1,
    "quickSearch":1,
    "filterable":0,
    "ext":"{
    \"免嗅\":\"1\",
     \"主演\":\"主演:&&</div>\",
    \"简介\":\"class=\\\"module-info-introduction-contentshow-desc\\\"*<p>&&</div>\",
    \"副标题\":\"class=\\\"module-item-note\\\">&&</div>\",
    \"线路数组\":\"class=\\\"module-tab-item tab-item&&</div>\",
    \"线路标题\":\"<span>&&</small>\",
    \"播放数组\":\"class=\\\"module-play-list&&</div>\",
    \"分类\":\"电影$1#电视剧$2#综艺$3#动漫$4\",
    \"分类url\":\"https://www.jiketv.com/index.php/show/{cateId}/page/{catePg}.html\"}"},
    //
    
 
    
    {
    "key":"csp_XBPQ_cddys",
    "name":"🍹臭蛋蛋影视网",
    "type":3,
    "api":"csp_XBPQ",
    "searchable":1,
    "quickSearch":1,
    "filterable":0,
    "ext":"{
    \"免嗅\":\"1\",
    \"主演\":\"主演:&&</div>\",
    \"简介\":\"class=\\\"module-info-introduction-contentshow-desc\\\"&&</div>\",
    \"副标题\":\"class=\\\"module-item-note\\\">&&</div>\",
    \"线路数组\":\"class=\\\"module-tab-item tab-item&&</div>\",
    \"线路标题\":\"<span>&&</small>\",
    \"播放数组\":\"class=\\\"module-play-list&&</div>\",
    \"分类\":\"电影$1#电视剧$2#综艺$3#动漫$4\",
    \"分类url\":\"https://cddys.vip/vodshow/{cateId}--------{catePg}---.html\"}"},
    //
   
   
   
    
    {
    "key":"csp_XBPQ_subai",
    "name":"🍹素白白影视",
    "type":3,
    "api":"csp_XBPQ",
    "searchable":1,
    "quickSearch":1,
    "filterable":0,
    "ext":"{
    \"免嗅\":\"0\",
     \"主演\":\"主演:&&</div>\",
    \"播放数组\":\"class=\\\"paly_list_btn&&</div>\",
    \"副标题\":\"class=\\\"jidi\\\">&&</span>\",
    \"简介\":\"class=\\\"yp_context\\\"*<p>&&</div>\",
    \"分类\":\"电影$new-movie#电视剧$tv-drama#国产剧$domestic-drama#香港经典电影$hongkong-movie\",
    \"分类url\":\"https://www.subaibaiys.com/{cateId}/page/{catePg}\"}"},
    //
   
  
 
    
   
    //
   
   
   
    {
    "key":"csp_XBPQ_大师兄影院",
    "name":"🍹大师兄影院",
    "type":3,
    "api":"csp_XBPQ",
    "searchable":1,
    "quickSearch":1,
    "filterable":0,
    "ext":"{
     \"主演\":\"主演:&&</div>\",
    \"播放数组\":\"class=\\\"module-play-list&&</div>\",
    \"简介\":\"module-blocklist scroll-boxscroll-box-ymodule-player-list\\\"&&</span>\",
    \"副标题\":\"class=\\\"module-item-note\\\">&&</div>\",
    \"线路数组\":\"class=\\\"module-tab-item tab-item&&</div>\",
    \"线路标题\":\"<span>&&</small>\",
    \"分类\":\"电影$1#电视剧$2#国产剧$13#港剧$14#综艺$3#动漫$4\",
    \"分类url\":\"https://dsxys.pro/vodshow/{cateId}--------{catePg}---.html\"}"},
    //
   
    
  
    
  

//

{"key":"csp_xml_徐哥影视","name":"🈚徐哥影视","type":1,"api":"http://cj.lziapi.com/api.php/provide/vod/","playUrl":"","searchable":1,"quickSearch":1},
{"key":"csp_xml_人人影视","name":"🈚人人影视","type":1,"api":"https://www.rrvipw.com/api.php/provide/vod/","playUrl":"","searchable":1,"quickSearch":1},
{"key":"csp_xml_影图资源","name":"🐝影图资源","type":1,"api":"https://cj.vodimg.top/api.php/provide/vod/","playUrl":"","searchable":1,"quickSearch":1}
],

"parses":[
{"name":"解析聚合","type":3,"url":"Demo"},
{"name":"Json并发","type":2,"url":"Parallel"},
{"name":"Json轮询","type":2,"url":"Sequence"},

{"name":"bozrc","type":0,"url":"https://jx.bozrc.com:4433/player/?url=","ext":{"flag":["qq","腾讯","qiyi","爱奇艺","奇艺","youku","优酷","mgtv","芒果","letv","leshi","LS","pptv","PPTV","sohu","bilibili","哔哩哔哩","哔哩"],"header":{"User-Agent":""}}},


{"name":"乌贼密探1","type":0,"url":"http://wuzei.hz.cz/jx/test1.php?url=","ext":{"flag":["qq","腾讯","qiyi","iqiyi","爱奇艺","奇艺","youku","优酷","mgtv","芒果","letv","乐视","pptv","PPTV","sohu","bilibili","哔哩哔哩","哔哩"]}},
{"name":"乌贼密探2","type":0,"url":"http://wuzei.hz.cz/8090/index.php?url=","ext":{"flag":["qq","腾讯","qiyi","iqiyi","爱奇艺","奇艺","youku","优酷","mgtv","芒果","letv","乐视","pptv","PPTV","sohu","bilibili","哔哩哔哩","哔哩"]}},
{"name":"老徐解析1","type":1,"url":"http://wuzei.hz.cz/jx/2.php?url="},
{"name":"老徐解析2","type":1,"url":"http://xutv.tk/jx/2.php?url="},
{"name":"老徐解析3","type":1,"url":"http://xutv.tk/jx1/?url="},
{"name":"老徐解析4","type":1,"url":"http://xutv.tk/jx/4.php?url="},
{"name":"老徐解析5","type":1,"url":"http://xutv.tk/jx/1.php?url="},
{"name":"老徐解析6","type":1,"url":"http://xutv.tk/jx1/2.php?url="},









{"name":"乌贼解析1","type":1,"url":"http://wuzei.hz.cz/jx/1.php?url="},
{"name":"乌贼解析2","type":1,"url":"http://wuzei.hz.cz/jx/?url="},
{"name":"乌贼解析3","type":1,"url":"http://wuzei.hz.cz/jx/2.php?url="},
{"name":"乌贼解析4","type":1,"url":"http://wuzei.hz.cz/jx/3.php?url=","ext":{"flag":["qq","腾讯"]}},
{"name":"乌贼解析5","type":1,"url":"http://wuzei.hz.cz/jx/4.php?url=","ext":{"flag":["qq","腾讯"]}},
{"name":"乌贼解析6","type":1,"url":"http://wuzei.hz.cz/jx/5.php?url=","ext":{"flag":["qq","腾讯"]}},
{"name":"乌贼解析7","type":1,"url":"http://wuzei.hz.cz/jx2/?url="}],



"ijk":[
{"group":"软解码","options":[
{"category":4,"name":"opensles","value":"0"},
{"category":4,"name":"overlay-format","value":"842225234"},
{"category":4,"name":"framedrop","value":"1"},
{"category":4,"name":"soundtouch","value":"1"},
{"category":4,"name":"start-on-prepared","value":"1"},
{"category":1,"name":"http-detect-range-support","value":"0"},
{"category":1,"name":"fflags","value":"fastseek"},
{"category":2,"name":"skip_loop_filter","value":"48"},
{"category":4,"name":"reconnect","value":"1"},
{"category":4,"name":"enable-accurate-seek","value":"0"},
{"category":4,"name":"mediacodec","value":"0"},
{"category":4,"name":"mediacodec-auto-rotate","value":"0"},
{"category":4,"name":"mediacodec-handle-resolution-change","value":"0"},
{"category":4,"name":"mediacodec-hevc","value":"0"},
{"category":1,"name":"dns_cache_timeout","value":"600000000"}]},
{"group":"硬解码","options":[
{"category":4,"name":"opensles","value":"0"},
{"category":4,"name":"overlay-format","value":"842225234"},
{"category":4,"name":"framedrop","value":"1"},
{"category":4,"name":"soundtouch","value":"1"},
{"category":4,"name":"start-on-prepared","value":"1"},
{"category":1,"name":"http-detect-range-support","value":"0"},
{"category":1,"name":"fflags","value":"fastseek"},
{"category":2,"name":"skip_loop_filter","value":"48"},
{"category":4,"name":"reconnect","value":"1"},
{"category":4,"name":"enable-accurate-seek","value":"0"},
{"category":4,"name":"mediacodec","value":"1"},
{"category":4,"name":"mediacodec-auto-rotate","value":"1"},
{"category":4,"name":"mediacodec-handle-resolution-change","value":"1"},
{"category":4,"name":"mediacodec-hevc","value":"1"},
{"category":1,"name":"dns_cache_timeout","value":"600000000"}]}],
"ads":["mimg.0c1q0l.cn","www.googletagmanager.com","www.google-analytics.com","mc.usihnbcq.cn",
"mg.g1mm3d.cn","mscs.svaeuzh.cn","cnzz.hhttm.top","tp.vinuxhome.com","cnzz.mmstat.com",
"www.baihuillq.com","s23.cnzz.com","z3.cnzz.com","c.cnzz.com","stj.v1vo.top","z12.cnzz.com",
"img.mosflower.cn","tips.gamevvip.com","ehwe.yhdtns.com","xdn.cqqc3.com","www.jixunkyy.cn",
"sp.chemacid.cn","hm.baidu.com","s9.cnzz.com","z6.cnzz.com","um.cavuc.com","mav.mavuz.com",
"wofwk.aoidf3.com","z5.cnzz.com","xc.hubeijieshikj.cn","tj.tianwenhu.com","xg.gars57.cn","k.jinxiuzhilv.com",
"cdn.bootcss.com","ppl.xunzhuo123.com","xomk.jiangjunmh.top","img.xunzhuo123.com",
"z1.cnzz.com","s13.cnzz.com","xg.huataisangao.cn","z7.cnzz.com","xg.huataisangao.cn",
"z2.cnzz.com","s96.cnzz.com","q11.cnzz.com","thy.dacedsfa.cn","xg.whsbpw.cn","s19.cnzz.com",
"z8.cnzz.com","s4.cnzz.com","f5w.as12df.top","ae01.alicdn.com","www.92424.cn",
"k.wudejia.com","vivovip.mmszxc.top","qiu.xixiqiu.com","cdnjs.hnfenxun.com","cms.qdwght.com"]
}