﻿{
    "规则名": "非凡资源网",
    "规则作者": "",
    "请求头参数": "电脑",
    "网页编码格式": "UTF-8",
    "图片是否需要代理": "0",
    "是否开启获取首页数据": "1",
    "首页推荐链接": "http://www.ffzy5.tv/",
    "首页列表数组规则": "body&&.videoContent",
    "首页片单列表数组规则": "li:not(:contains(伦理))",
    "首页片单是否Jsoup写法": "1",
    "分类起始页码": "1",
    //http://www.ffzy5.tv/index.php/vod/type/id/20/page/2.html
    "分类链接": "http://www.ffzy5.tv/index.php/{cateId}/page/{catePg}.html",
    "分类名称": "首页&电影&电视剧&动漫&综艺",
    "分类名称替换词": "index/index&vod/type/id/1&vod/type/id/2&vod/type/id/4&vod/type/id/3",
    //"筛选数据": {},
    "筛选数据": "ext",
    //{cateId}
    "筛选子分类名称": "空||动作片&喜剧片&科幻片&恐怖片&爱情片&剧情片&战争片&记录片||国产剧&欧美剧&香港剧&韩国剧&台湾剧&日本剧&海外剧&泰国剧||国产动漫&日韩动漫&欧美动漫&港台动漫&海外动漫||大陆综艺&港台综艺&日韩综艺&欧美综艺",
    "筛选子分类替换词": "空||vod/type/id/6&vod/type/id/7&vod/type/id/9&vod/type/id/10&vod/type/id/8&vod/type/id/11&vod/type/id/12&vod/type/id/20||vod/type/id/13&vod/type/id/16&vod/type/id/14&vod/type/id/15&vod/type/id/21&vod/type/id/22&vod/type/id/23&vod/type/id/24||vod/type/id/29&vod/type/id/30&vod/type/id/31&vod/type/id/32&vod/type/id/33||vod/type/id/25&vod/type/id/26&vod/type/id/27&vod/type/id/28",
    //{class}
    "筛选类型名称": "",
    "筛选类型替换词": "*",
    //{area}
    "筛选地区名称": "",
    "筛选地区替换词": "*",
    //{year}
    "筛选年份名称": "",
    "筛选年份替换词": "*",
    //{lang}
    "筛选语言名称": "",
    "筛选语言替换词": "*",
    //{by}
    "筛选排序名称": "时间&人气&评分",
    "筛选排序替换词": "time&hits&score",
    "分类截取模式": "1",
    "分类列表数组规则": ".videoContent&&li:not(:contains(伦理))",
    "分类片单是否Jsoup写法": "1",
    "分类片单标题": "a--i&&Text",
    "分类片单链接": "a&&href",
    "分类片单图片": "",
    "分类片单副标题": "i&&Text",
    "分类片单链接加前缀": "http://www.ffzy5.tv",
    "分类片单链接加后缀": "",
	
    "搜索请求头参数": "User-Agent$电脑",
    "搜索链接": "http://www.ffzy5.tv/index.php/vod/search.html?wd={wd}",
    "POST请求数据": "searchword={wd}",
    "搜索截取模式": "1",
    "搜索列表数组规则": ".videoContent&&li:not(:contains(伦理))",
    "搜索片单是否Jsoup写法": "1",
    "搜索片单图片": "",
    "搜索片单标题": "a--i&&Text",
    "搜索片单链接": "a&&href",
    "搜索片单副标题": "i&&Text",
    "搜索片单链接加前缀": "http://www.ffzy5.tv",
    "搜索片单链接加后缀": "",
	
    "链接是否直接播放": "2",
    "直接播放链接加前缀": "",
    "直接播放链接加后缀": "",
    "直接播放直链视频请求头": "",
    "详情是否Jsoup写法": "1",
    "封面详情": ".left&&img&&src",
    "类型详情": "",
    "年代详情": "",
    "地区详情": "",
    "演员详情": "body&&p:contains(演员：)&&Text!演员：",
    "简介详情": ".vod_content&&Text",
    "线路列表数组规则": "body&&h4:not(:contains(feifan))",
    "线路标题": "Text",
    "播放列表数组规则": "body&&.ffm3u8",
    "选集列表数组规则": "a[target]",
    "选集标题链接是否Jsoup写法": "1",
    "选集标题": "a&&title",
    "选集链接": "a&&href",
    "是否反转选集序列": "0",
    "选集链接加前缀": "",
    "选集链接加后缀": "",
    "分析MacPlayer": "0",
    "是否开启手动嗅探": "0",
    "手动嗅探视频链接关键词": ".mp4#.m3u8#.flv#video/tos",
    "手动嗅探视频链接过滤词": ".html#=http"
}